{
    "AAPL": {
        "rmse": 28.213137323752257,
        "rmse_paa": 0.1354447295864076
    },
    "ADBE": {
        "rmse": 21.091620732278482,
        "rmse_paa": 0.08180190263460808
    },
    "ADSK": {
        "rmse": 15.63096712449873,
        "rmse_paa": 0.11069131830986692
    },
    "AMD": {
        "rmse": 11.690818665525388,
        "rmse_paa": 0.5180569575303992
    },
    "AMZN": {
        "rmse": 199.47422544948802,
        "rmse_paa": 0.10606418652715116
    },
    "AVGO": {
        "rmse": 28.42114966568135,
        "rmse_paa": 0.1267481935470093
    },
    "BKNG": {
        "rmse": 99.87828404722842,
        "rmse_paa": 0.05074085562410786
    },
    "CRM": {
        "rmse": 18.844226459289494,
        "rmse_paa": 0.12699012922569095
    },
    "CSCO": {
        "rmse": 2.9357843506138606,
        "rmse_paa": 0.06527073350240079
    },
    "EA": {
        "rmse": 12.803150589136514,
        "rmse_paa": 0.09931962195059145
    },
    "EBAY": {
        "rmse": 3.151581998865209,
        "rmse_paa": 0.09094433163170935
    },
    "EXPE": {
        "rmse": 3.3889951371935707,
        "rmse_paa": 0.02610230732584475
    },
    "FB": {
        "rmse": 17.015006979556272,
        "rmse_paa": 0.09399072728992457
    },
    "FTNT": {
        "rmse": 24.04035819397792,
        "rmse_paa": 0.3144677166714317
    },
    "GOOG": {
        "rmse": 118.3036917738654,
        "rmse_paa": 0.0987559415206082
    },
    "HP": {
        "rmse": 3.3392456975245066,
        "rmse_paa": 0.05230596007704275
    },
    "IBM": {
        "rmse": 3.484268034102935,
        "rmse_paa": 0.023838051835160568
    },
    "INTC": {
        "rmse": 5.105093743754934,
        "rmse_paa": 0.1049094518631689
    },
    "INTU": {
        "rmse": 11.381991743515242,
        "rmse_paa": 0.052979353355355994
    },
    "MSFT": {
        "rmse": 10.594058721528567,
        "rmse_paa": 0.09772444311343059
    },
    "NFLX": {
        "rmse": 30.21790459066638,
        "rmse_paa": 0.08325605667779412
    },
    "NVDA": {
        "rmse": 18.891095587687744,
        "rmse_paa": 0.0726252056090739
    },
    "ORCL": {
        "rmse": 9.402591016366484,
        "rmse_paa": 0.19357073720812024
    },
    "QCOM": {
        "rmse": 11.497825211004159,
        "rmse_paa": 0.174708640965349
    },
    "TXN": {
        "rmse": 3.565940181686846,
        "rmse_paa": 0.03206149166251701
    },
    "overall": 28.494520520751546
}